{
  "intents": [
    {
      "tag": "greeting",
      "patterns": [
        "Hi",
        "Hey",
        "Hello",
        "Good day",
        "Is anyone there?",
        "Who are you?",
        "How are you?"
      ],
      "responses": [
        "Hey there! 😊",
        "Hello! How can I assist you?",
        "Hi! What can I do for you today?",
        "Greetings! Need any help?",
        "I'm a chatbot here to assist you."
      ]
    },
    {
      "tag": "goodbye",
      "patterns": [
        "Bye",
        "See you later",
        "Goodbye",
        "Take care",
        "Talk to you soon"
      ],
      "responses": [
        "Goodbye! Have a great day! 👋",
        "See you soon! Thanks for stopping by!",
        "Take care! Looking forward to our next chat!"
      ]
    },
    {
      "tag": "thanks",
      "patterns": [
        "Thanks",
        "Thank you",
        "I appreciate it",
        "Much obliged",
        "That's helpful"
      ],
      "responses": [
        "You're welcome! 😊",
        "Happy to help!",
        "Anytime! Let me know if you need anything else.",
        "My pleasure!"
      ]
    },
    {
      "tag": "items",
      "patterns": [
        "What do you sell?",
        "What items do you have?",
        "Do you sell anything?",
        "What kind of products do you offer?"
      ],
      "responses": [
        "We offer a variety of coffee and tea.",
        "We sell high-quality coffee and tea products."
      ]
    },
    {
      "tag": "payments",
      "patterns": [
        "Do you accept credit cards?",
        "Can I pay with a Mastercard?",
        "Is PayPal accepted?",
        "Are you cash only?",
        "What payment methods do you accept?"
      ],
      "responses": [
        "We accept VISA, Mastercard, and PayPal.",
        "We accept most major credit cards, as well as PayPal."
      ]
    },
    {
      "tag": "delivery",
      "patterns": [
        "How long does delivery take?",
        "When will my order arrive?",
        "How fast is the shipping?",
        "What is your delivery time?"
      ],
      "responses": [
        "Standard delivery takes 2-4 days.",
        "Shipping typically takes between 2 to 4 days."
      ]
    },
    {
      "tag": "shipping",
      "patterns": [
        "Do you offer free shipping?",
        "What are the shipping options?",
        "Can I get express shipping?",
        "How much does shipping cost?"
      ],
      "responses": [
        "Yes! Free shipping is available on orders over $50.",
        "We offer standard (3-5 days) and express shipping options.",
        "Express shipping is available at checkout."
      ]
    },
    {
      "tag": "return_policy",
      "patterns": [
        "What is your return policy?",
        "Can I return a product?",
        "What are the return conditions?",
        "Do you offer refunds?",
        "How long do I have to return an item?"
      ],
      "responses": [
        "You can return items within 30 days of purchase.",
        "We accept returns if the item is unused and in original packaging.",
        "Refunds are processed within 5-7 business days."
      ]
    },
    {
      "tag": "customer_support",
      "patterns": [
        "How do I contact customer support?",
        "What is your customer service email?",
        "Do you have a helpline?",
        "Where can I get support?",
        "Is your support team available 24/7?"
      ],
      "responses": [
        "Our customer support is available 24/7 via email and chat.",
        "You can contact our support team at support@example.com."
      ]
    },
    {
      "tag": "working_hours",
      "patterns": [
        "What are your working hours?",
        "When are you open?",
        "What time does your store open?",
        "Are you open on weekends?",
        "What are your business hours?"
      ],
      "responses": [
        "Our working hours are 9 AM - 5 PM, Monday to Friday.",
        "We are closed on weekends and public holidays."
      ]
    },
    {
      "tag": "physical_store",
      "patterns": [
        "Do you have a physical store?",
        "Where is your store located?",
        "Can I visit your store?",
        "Do you have a showroom?",
        "Where can I find your physical location?"
      ],
      "responses": [
        "Yes, we have a physical store located at main Street.",
        "You can visit our store at 123 Main Street, Cityville."
      ]
    },
    {
      "tag": "website_info",
      "patterns": [
        "What is your website?",
        "Where can I find your website?",
        "Do you have an online store?",
        "What is your web address?",
        "Can I order online?"
      ],
      "responses": [
        "Yes! You can visit our website at https://www.wajeeha.com.",
        "Our online store is available at https://www.wajeeha.com.",
        "You can browse our products and place orders at https://www.wajeeha.com."
      ]
    }
  ]
}
